{"cameraMode":{"drawMode":0,"name":"Shaded","section":"Shading Mode"},"sceneLighting":true,"audioPlay":false,"sceneViewState":{"showFog":false,"showMaterialUpdate":false,"showSkybox":false,"showFlares":false,"showImageEffects":false,"showParticleSystems":false},"in2DMode":false,"pivot":{"x":163.442138671875,"y":1.310302734375,"z":30.75726318359375},"rotation":{"x":0.26787039637565615,"y":0.5351839065551758,"z":-0.18385252356529237,"w":0.7797635197639465},"size":2.0090737342834474,"orthographic":true}