{"cameraMode":{"drawMode":0,"name":"Shaded","section":"Shading Mode"},"sceneLighting":false,"audioPlay":false,"sceneViewState":{"showFog":false,"showMaterialUpdate":false,"showSkybox":false,"showFlares":false,"showImageEffects":false,"showParticleSystems":false},"in2DMode":false,"pivot":{"x":3.749999761581421,"y":0.06250014901161194,"z":3.7499988079071047},"rotation":{"x":0.5715519785881043,"y":-0.0024617293383926155,"z":0.001714674406684935,"w":0.8205617070198059},"size":5.3036699295043949,"orthographic":true}