{"cameraMode":{"drawMode":0,"name":"Shaded","section":"Shading Mode"},"sceneLighting":true,"audioPlay":false,"sceneViewState":{"showFog":false,"showMaterialUpdate":false,"showSkybox":false,"showFlares":false,"showImageEffects":false,"showParticleSystems":false},"in2DMode":false,"pivot":{"x":163.58999633789063,"y":2.582000255584717,"z":30.65999984741211},"rotation":{"x":0.21820132434368134,"y":0.5600640177726746,"z":-0.15590722858905793,"w":0.7838431596755981},"size":1.343718409538269,"orthographic":true}