{"cameraMode":{"drawMode":0,"name":"Shaded","section":"Shading Mode"},"sceneLighting":false,"audioPlay":false,"sceneViewState":{"showFog":false,"showMaterialUpdate":false,"showSkybox":false,"showFlares":false,"showImageEffects":false,"showParticleSystems":false},"in2DMode":false,"pivot":{"x":164.21484375,"y":1.47412109375,"z":32.3218994140625},"rotation":{"x":0.26787039637565615,"y":0.5351839065551758,"z":-0.18385252356529237,"w":0.7797635197639465},"size":3.229541301727295,"orthographic":true}